Café;Thé;Chocolat
Mer;Plage;Sable
Livre;Stylo;Papier
Montagne;Randonnée;Aventure
Musique;Danse;Chant
Soleil;Été;Vacances
Chat;Chien;Oiseau
Rose;Tulipe;Marguerite
Football;Basketball;Tennis
Pizza;Pâtes;Salade
Cinéma;Popcorn;Film
Vélo;Roller;Skateboard
Écouteurs;Musique;Playlist
Arc-en-ciel;Nuages;Pluie
Étoiles;Lune;Ciel
Étudiant;Professeur;École
Rouge;Vert;Bleu
Amour;Amitié;Famille
Piano;Violon;Guitare
Internet;Réseaux sociaux;Technologie
Montre;Bracelet;Bague
Chapeau;Lunettes;Écharpe
Rire;Pleurer;Sourire
Océan;Baleine;Dauphin
Crayon;Pinceau;Toile
Parc;Jardin;Forêt
Petit-déjeuner;Déjeuner;Dîner
Science;Mathématiques;Physique
Vitesse;Adrénaline;Course
Yoga;Méditation;Relaxation
Ordinateur;Smartphone;Tablette
Carte;Globe;Voyage
Nouvelles;Magazine;Journal
Chaussures;Chaussettes;Pantalon
Gâteau;Glace;Bonbons
Épices;Sel;Poivre
Appareil photo;Photographie;Souvenir
Pont;Rivière;Île
Hiver;Printemps;Automne
Géographie;Histoire;Sciences sociales
Boussole;Carte;Nord
Avion;Train;Voiture
Matin;Après-midi;Soir
Énergie;Électricité;Solaire
Théâtre;Cinéma;Spectacle
Stylo;Crayon;Marqueur
Plante;Fleur;Jardinage
Télévision;Radio;Internet
Apples;Bananes;Oranges
Aventure;Découverte;Exploration
Studio;Appartement;Maison
Course;Natation;Cyclisme
Cerf;Renard;Lapin
Livraison;Colis;Facteur
Spectacle;Concert;Festival
Géant;Petit;Moyen
Cadeau;Surprise;Anniversaire
Désert;Oasis;Sable
Parfum;Cologne;Déodorant
Chef;Cuisine;Recette
Dessin;Peinture;Sculpture
Cascade;Rivière;Lac
Hiver;Neige;Ski
Tournage;Montage;Projection
Piano;Soprano;Violoncelle
Pluie;Arc-en-ciel;Nuages
Horloge;Montre;Réveil
Feuille;Branche;Arbre
Carte;Territoire;Frontière
Château;Fort;Palais
Tasse;Soucoupe;Cuillère
Joie;Tristesse;Surprise
Épicerie;Supermarché;Marché
Vin;Bière;Champagne
Lait;Fromage;Yaourt
Nuit;Étoiles;Lune
Escalade;Alpinisme;Randonnée
Héros;Vilain;Aventure
T-shirt;Pantalon;Chaussures
Plage;Coquillage;Crabe
Hôtel;Auberge;Camping
Jumelles;Télescope;Microscope
Piano;Guitare;Batterie
Silence;Chuchotement;Cri
Matelas;Oreiller;Couverture
Crayon;Papier;Carnet
Planète;Satellite;Étoile
Ours;Tigre;Lion
Courir;Sauter;Marcher
Hôpital;Médecin;Infirmière
Poisson;Requin;Baleine
Fête;Bal;Carnaval
Diamant;Or;Argent
Vent;Tempête;Ouragan
Pique-nique;Déjeuner;Dîner
Table;Chaise;Nappe
Pomme;Poire;Cerise
Ciel;Terre;Mer
Guitare;Violon;Flûte
Aéroport;Avion;Passager
Musée;Exposition;Œuvre
Aventure;Mystère;Enquête
Océan;Plongée;Poisson
Peinture;Sculpture;Photographie
Danse;Musique;Théâtre
Cuisine;Salle à manger;Cuisine
Arc-en-ciel;Pluie;Soleil
Île;Plage;Cocotier
Science;Chimie;Biologie
Chaussures;Bottes;Sandales
Film;Acteur;Scénario
Livre;Roman;Poésie
Chat;Souris;Chien
Étoile;Constellation;Galaxie
Randonnée;Camping;Feu de camp
Amour;Romance;Passion
Tapis;Coussin;Rideau
Couleur;Palette;Peinture
Rivière;Cascade;Pont
Café;Croissant;Jus d'orange
Forêt;Arbres;Feuilles
Chocolat;Vanille;Fraise
Désert;Cactus;Sable
Ours;Loup;Renard
Football;Rugby;Baseball
Jardin;Fleurs;Papillon
Feu;Bois;Chaleur
Miroir;Brosse;Maquillage
Piscine;Plongeon;Natation
Escalier;Rampe;Étage
Horloge;Minuterie;Chronomètre
Électricité;Ampoule;Prise
Plume;Encre;Papier
Clown;Jongleur;Acrobatie
Ombre;Lumière;Crépuscule
Montgolfière;Parachute;Planeur
Bonheur;Joie;Sérénité
Jumelles;Carte;Boussole
Serpent;Lézard;Crocodile
Épices;Herbes;Aromates
Appareil photo;Objectif;Flash
Pique-nique;Couverture;Panier
Matin;Café;Croissant
Cascade;Rocher;Torrent
Magasin;Vitrine;Client
Jazz;Blues;Rock
Yoga;Méditation;Respiration
Bonbons;Sucettes;Chocolats
Couverture;Oreiller;Drap
Balançoire;Toboggan;Bac à sable
Bateau;Voile;Capitaine
Grenouille;Crapaud;Têtard
Vélo;Casque;Pédales
Clown;Magicien;Dompteur
Lune;Satellite;Astronaute
Pêche;Hameçon;Poisson
Théâtre;Acteur;Scène
Globe;Carte;Géographie
Poisson;Aquarium;Corail
Boîte aux lettres;Facteur;Timbre
Plante;Pot;Terreau
Crayon;Papier;Gomme
Chat;Peluche;Litière
Montre;Bracelet;Aiguille
Étoile;Constellation;Planète
Canapé;Coussin;Plaid
Soupe;Cuillère;Bol
Cascade;Pierre;Mousse
Plongée;Masque;Tubas
Luge;Ski;Snowboard
Cloche;Sonnette;Carillon
Peinture;Toile;Pinceau
Lampe;Ampoule;Interrupteur
Piano;Accordéon;Trompette
Arc;Flèche;Cible
Orchestre;Violon;Trombone
Montagne;Sommet;Pic
Safari;Éléphant;Girafe
Pont;Rivière;Reflet
Gâteau;Bougie;Cadeau
Géant;Ogre;Nain
École;Récréation;Devoirs
Crayon;Taille-crayon;Cahier
Plage;Coquillage;Crabe
Lune;Étoiles;Ciel
Feuille;Branche;Arbre
Montre;Réveil;Horloge
Casquette;Lunettes;Écharpe
Théâtre;Film;Scénario
Cerf;Renard;Lapin
Ours;Tigre;Lion
Vin;Bière;Champagne
Hiver;Neige;Ski
Planète;Satellite;Étoile
Table;Chaise;Nappe
Pomme;Poire;Cerise
Ciel;Terre;Mer
Guitare;Violon;Flûte
Aéroport;Avion;Passager
Musée;Exposition;Œuvre
Aventure;Mystère;Enquête
Océan;Plongée;Poisson
Peinture;Sculpture;Photographie
Danse;Musique;Théâtre
Cuisine;Salle à manger;Cuisine
Arc-en-ciel;Pluie;Soleil
Île;Plage;Cocotier
Science;Chimie;Biologie
Chaussures;Bottes;Sandales
Film;Acteur;Scénario
Livre;Roman;Poésie
Chat;Souris;Chien
Étoile;Constellation;Galaxie
Randonnée;Camping;Feu de camp
Amour;Romance;Passion
Tapis;Coussin;Rideau
Couleur;Palette;Peinture
Rivière;Cascade;Pont
Café;Croissant;Jus d'orange
Forêt;Arbres;Feuilles
Chocolat;Vanille;Fraise
Désert;Cactus;Sable
Ours;Loup;Renard
Football;Rugby;Baseball
Jardin;Fleurs;Papillon
Feu;Bois;Chaleur
Miroir;Brosse;Maquillage
Piscine;Plongeon;Natation
Escalier;Rampe;Étage
École;Professeur;Étudiant
Horloge;Minuterie;Chronomètre
Électricité;Ampoule;Prise
Plume;Encre;Papier
Clown;Jongleur;Acrobatie
Ombre;Lumière;Crépuscule
Montgolfière;Parachute;Planeur
Bonheur;Joie;Sérénité
Jumelles;Carte;Boussole
Serpent;Lézard;Crocodile
Épices;Herbes;Aromates
Appareil photo;Objectif;Flash
Pique-nique;Couverture;Panier
Matin;Café;Croissant
Cascade;Rocher;Torrent
Magasin;Vitrine;Client
Jazz;Blues;Rock
Yoga;Méditation;Respiration
Bonbons;Sucettes;Chocolats
Couverture;Oreiller;Drap
Balançoire;Toboggan;Bac à sable
Bateau;Voile;Capitaine
Grenouille;Crapaud;Têtard
Vélo;Casque;Pédales
Clown;Magicien;Dompteur
Lune;Satellite;Astronaute
Pêche;Hameçon;Poisson
Théâtre;Acteur;Scène
Globe;Carte;Géographie
Poisson;Aquarium;Corail
Désert;Mirage;Oasis
Croissant;Baguette;Beurre
Ciel;Atmosphère;Oxygène
Livre;Bibliothèque;Lecteur
Cascade;Grotte;Exploration
Vélo;Casque;Roue
Café;Espresso;Latte
Cuisine;Recette;Épices
Piano;Sonate;Compositeur
Musique;Note;Harmonie
Labyrinthe;Défi;Sortie
Étoile;Filante;Constellation
Horloge;Tic-tac;Sonnerie
Ski;Montagne;Hiver
Plage;Coquillage;Surf
Feuille;Automne;Couleurs
Yoga;Flexibilité;Méditation
Café;Barista;Mousse
Pluie;Parapluie;Gouttes
Hôtel;Suite;Réception
Fleur;Pollen;Abeille
Océan;Vagues;Marée
Bateau;Gouvernail;Ancrage
Éclair;Orage;Tonnerre
Dessert;Gâteau;Caramel
Livre;Page;Chapitre
Cascade;Forêt;Faune
Échecs;Stratégie;Échiquier
Étoile;Naine;Galaxie
Lune;Phases;Éclipse
Montgolfière;Panier;Vent
Concert;Applaudissements;Entracte
Téléphone;Appel;Sonnerie
Film;Réalisateur;Caméra
Guitare;Accords;Mélodie
Plante;Racine;Photosynthèse
Coucher de soleil;Horizon;Crépuscule
Énergie;Renouvelable;Solaire
Télévision;Télécommande;Programme
Pique-nique;Sandwich;Salade
Ordinateur;Clavier;Souris
Saison;Printemps;Été
Hiver;Flocon;Glace
Montagne;Ascension;Sommet
Magie;Illusion;Prestidigitation
Hôpital;Infirmier;Urgence
Plante;Jardin;Terre
Danse;Ballet;Danseur
Cirque;Acrobatie;Trapèze
Café;Barista;Espresso
Ciel;Aurore boréale;Nuit
Plage;Serviette;Crème solaire
Livre;Auteur;Best-seller
Cuisine;Chef;Cuisson
Parc;Banc;Promenade
Feud'artifice;Éclats;Explosion
Arbre;Feuilles;Branches
École;Bureau;Classe
Chaussures;Lacets;Semelle
Musique;Partitions;Soliste
Peinture;Portrait;Toile
Voiture;Roues;Essence
Voyage;Destination;Aventure
Restaurant;Menu;Serveur
Île;Volcan;Plage
Papillon;Métamorphose;Jardin
Grotte;Stalactite;Stalagmite
Cheval;Selle;Cavalier
Théâtre;Rideau;Acte
Nuage;Cumulus;Ciel
Gâteau;Four;Cuisson
Rire;Blague;Humour
Cercle;Carré;Triangle
Musée;Statue;Exposition
Équilibre;Funambule;Fil
Chemin;Route;Croisement
Livre;Lire;Histoire
Étoile;Brillante;Galaxie
Téléphone;SMS;Appel
Chaussures;Mode;Design
Cuisine;Épices;Recette
Papier;Plume;Encre
Pluie;Parapluie;Gouttes
Cascade;Torrent;Source
Arbre;Racine;Écorce
Café;Pause;Détente
Fleur;Pétales;Pollen
Ciel;Coucher de soleil;Nuages
Piscine;Natation;Plongeon
Guitare;Accord;Corde
Montagne;Vallée;Pic
Livre;Reliure;Pages
Mer;Vague;Marée
Feu;Flamme;Combustion
Labyrinthe;Chemin;Dédale
Voyage;Sac à dos;Aventure
Cascade;Roche;Éclaboussure
École;Cahier;Crayon
Amour;Passion;Romance
Chat;Griffe;Poil
Cirque;Clown;Jonglage
Café;Biscuit;Conversation
Horloge;Minuterie;Réveil
Arbre;Feuillage;Forêt
Plage;Sable;Coquillage
Piano;Concerto;Doigté
Magasin;Vitrine;Achats
Livre;Bibliothèque;Lecture
Cuisine;Épices;Saveurs
Cascade;Nature;Roche
Lune;Étoile;Galaxie
Café;Tasse;Mousse
Montagne;Alpinisme;Ascension
Danse;Pas;Mouvement
Musique;Note;Mélodie
Cirque;Spectacle;Performance
Jardin;Plantes;Fleurs
Pont;Rivière;Passage
École;Étudiant;Apprentissage
Café;Croissant;Pause
Ciel;Étoiles;Constellation
Plage;Vacances;Détente
Livre;Roman;Auteur
Cuisine;Chef;Plat
Montagne;Randonnée;Altitude
Film;Popcorn;Action
Île;Exploration;Aventure
Musique;Harmonie;Orchestre
Café;Expresso;Barista
Danse;Mouvement;Chorégraphie
Pluie;Parapluie;Éclaboussure
Arbres;Feuillage;Brise
Hiver;Neige;Glace
Piano;Clavier;Sonate
Cascade;Roche;Gouttelettes
Musée;Exposition;Sculpture
Jardin;Arrosage;Plantes
Plage;Sable;Vagues
Couteau;Fourchette;Assiette
Chaise;Table;Nappe
Oiseau;Papillon;Abeille
Rouge à lèvres;Mascara;Fond de teint
Téléphone;Tablette;Ordinateur
Puzzle;Sudoku;Mots croisés
Marteau;Clou;Scie
Chapeau;Gants;Écharpe
Pluie;Neige;Grêle
Vélo;Trottinette;Skateboard
Nuage;Pluie;Tonnerre
Lion;Tigre;Panthère
Écureuil;Lapin;Éléphant
Ballon;Raquette;Filet
Souris;Clavier;Écran
Jumelles;Télescope;Microscope
Ciseaux;Papier;Colle
Dentifrice;Brosse à dents;Fil dentaire
Ski;Snowboard;Patinage
Étagère;Livre;Lampe
Bonbon;Sucette;Chocolat
Éponge;Savon;Shampoing
Porte;Fenêtre;Mur
Piano;Violoncelle;Trompette
Étudiant;Professeur;Bibliothèque
Araignée;Mouche;Papillon
Tigre;Lion;Girafe
Télévision;Radio;Internet
Bateau;Avion;Train
Casquette;Lunettes de soleil;Sac à dos
Lampe;Bougie;Lanterne
Balle;Frisbee;Cerf-volant
Plante;Terreau;Pot
Ordinateur;Imprimante;Scanner
Singe;Gorille;Chimpanzé
Cactus;Succulente;Plante grasse
Marteau;Clé;Vis
Pyramide;Sphinx;Hiéroglyphes
Banc;Parc;Arbres
Épicerie;Supermarché;Marché
Pont;Tunnel;Route
Ciseaux;Ruban adhésif;Papier cadeau
Tapis;Oreiller;Couverture
Parapluie;Bottes de pluie;Manteau
Basketball;Volleyball;Handball
Miroir;Peigne;Sèche-cheveux
Parc;Fontaine;Banc
Épinards;Brocoli;Carotte
Lune;Mars;Jupiter
Clé;Serrure;Porte
Lion;Girafe;Zèbre
Vélo;Casque;Gants
Étagère;Livre;Plante
Voiture;Bus;Métro
Gâteau;Bougie;Cadeau
Fer à repasser;Planche à repasser;Vêtements
Jardin;Pelouse;Fleurs
Loup;Renard;Ours
Téléphone;Appel;Message
Microphone;Enceinte;Concert
Ferme;Vache;Poule
Piano;Violon;Flûte
Étoile;Galaxie;Univers
Montagne;Vallée;Rivière
Chaussettes;Chaussons;Pantoufles
Vache;Mouton;Cochon
Abeille;Fleurs;Miel
Armoire;Tiroir;Cintre
Carte;Territoire;Frontière
Épices;Herbes;Aromates
Lunettes;Lunettes de soleil;Loupe
Cascade;Grotte;Lac
Ventilateur;Climatiseur;Radiateur
Tapis;Canapé;Coussin